timestamp_sec;timestamp_nanosec;range;azimuth_deg;elevation_deg;x;y;z;intensity
  1598201287;   759903192;   0.589;-120.000;   0.000;  -0.295;  -0.510;   0.000;       0
  1598201287;   759903192;   0.593;-119.667;   0.000;  -0.294;  -0.515;   0.000;       0
  1598201287;   759903192;   0.598;-119.333;   0.000;  -0.293;  -0.521;   0.000;       0
  1598201287;   759903192;   0.598;-119.000;   0.000;  -0.290;  -0.523;   0.000;       0
  1598201287;   759903192;   0.600;-118.667;   0.000;  -0.288;  -0.526;   0.000;       0
  1598201287;   759903192;   0.586;-118.334;   0.000;  -0.278;  -0.516;   0.000;       0
  1598201287;   759903192;   0.601;-118.000;   0.000;  -0.282;  -0.531;   0.000;       0
  1598201287;   759903192;   0.600;-117.667;   0.000;  -0.279;  -0.531;   0.000;       0
  1598201287;   759903192;   0.596;-117.334;   0.000;  -0.274;  -0.529;   0.000;       0
  1598201287;   759903192;   0.600;-117.000;   0.000;  -0.272;  -0.535;   0.000;       0
  1598201287;   759903192;   0.598;-116.667;   0.000;  -0.268;  -0.534;   0.000;       0
  1598201287;   759903192;   0.606;-116.334;   0.000;  -0.269;  -0.543;   0.000;       0
  1598201287;   759903192;   0.599;-116.000;   0.000;  -0.263;  -0.538;   0.000;       0
  1598201287;   759903192;   0.603;-115.667;   0.000;  -0.261;  -0.543;   0.000;       0
  1598201287;   759903192;   0.611;-115.334;   0.000;  -0.261;  -0.552;   0.000;       0
  1598201287;   759903192;   0.615;-115.001;   0.000;  -0.260;  -0.557;   0.000;       0
  1598201287;   759903192;   0.609;-114.667;   0.000;  -0.254;  -0.553;   0.000;       0
  1598201287;   759903192;   0.604;-114.334;   0.000;  -0.249;  -0.550;   0.000;       0
  1598201287;   759903192;   0.621;-114.001;   0.000;  -0.253;  -0.567;   0.000;       0
  1598201287;   759903192;   0.621;-113.667;   0.000;  -0.249;  -0.569;   0.000;       0
  1598201287;   759903192;   0.634;-113.334;   0.000;  -0.251;  -0.582;   0.000;       0
  1598201287;   759903192;   0.647;-113.001;   0.000;  -0.253;  -0.596;   0.000;       0
  1598201287;   759903192;   0.665;-112.667;   0.000;  -0.256;  -0.614;   0.000;       0
  1598201287;   759903192;   0.687;-112.334;   0.000;  -0.261;  -0.635;   0.000;       0
  1598201287;   759903192;   0.705;-112.001;   0.000;  -0.264;  -0.654;   0.000;       0
  1598201287;   759903192;   0.733;-111.668;   0.000;  -0.271;  -0.681;   0.000;       0
  1598201287;   759903192;   0.746;-111.334;   0.000;  -0.271;  -0.695;   0.000;       0
  1598201287;   759903192;   0.768;-111.001;   0.000;  -0.275;  -0.717;   0.000;       0
  1598201287;   759903192;   0.781;-110.668;   0.000;  -0.276;  -0.731;   0.000;       0
  1598201287;   759903192;   0.796;-110.334;   0.000;  -0.277;  -0.746;   0.000;       0
  1598201287;   759903192;   0.828;-110.001;   0.000;  -0.283;  -0.778;   0.000;       0
  1598201287;   759903192;   0.937;-109.668;   0.000;  -0.315;  -0.882;   0.000;       0
  1598201287;   759903192;   1.027;-109.334;   0.000;  -0.340;  -0.969;   0.000;       0
  1598201287;   759903192;   1.062;-109.001;   0.000;  -0.346;  -1.004;   0.000;       0
  1598201287;   759903192;   1.070;-108.668;   0.000;  -0.342;  -1.014;   0.000;       0
  1598201287;   759903192;   1.075;-108.335;   0.000;  -0.338;  -1.020;   0.000;       0
  1598201287;   759903192;   1.078;-108.001;   0.000;  -0.333;  -1.025;   0.000;       0
  1598201287;   759903192;   1.083;-107.668;   0.000;  -0.329;  -1.032;   0.000;       0
  1598201287;   759903192;   1.086;-107.335;   0.000;  -0.324;  -1.037;   0.000;       0
  1598201287;   759903192;   1.094;-107.001;   0.000;  -0.320;  -1.046;   0.000;       0
  1598201287;   759903192;   1.105;-106.668;   0.000;  -0.317;  -1.059;   0.000;       0
  1598201287;   759903192;   1.106;-106.335;   0.000;  -0.311;  -1.061;   0.000;       0
  1598201287;   759903192;   1.111;-106.001;   0.000;  -0.306;  -1.068;   0.000;       0
  1598201287;   759903192;   1.105;-105.668;   0.000;  -0.298;  -1.064;   0.000;       0
  1598201287;   759903192;   1.095;-105.335;   0.000;  -0.290;  -1.056;   0.000;       0
  1598201287;   759903192;   1.111;-105.002;   0.000;  -0.288;  -1.073;   0.000;       0
  1598201287;   759903192;   1.101;-104.668;   0.000;  -0.279;  -1.065;   0.000;       0
  1598201287;   759903192;   1.100;-104.335;   0.000;  -0.272;  -1.066;   0.000;       0
  1598201287;   759903192;   1.110;-104.002;   0.000;  -0.269;  -1.077;   0.000;       0
  1598201287;   759903192;   1.101;-103.668;   0.000;  -0.260;  -1.070;   0.000;       0
  1598201287;   759903192;   1.091;-103.335;   0.000;  -0.252;  -1.062;   0.000;       0
  1598201287;   759903192;   1.094;-103.002;   0.000;  -0.246;  -1.066;   0.000;       0
  1598201287;   759903192;   1.091;-102.668;   0.000;  -0.239;  -1.064;   0.000;       0
  1598201287;   759903192;   1.097;-102.335;   0.000;  -0.234;  -1.072;   0.000;       0
  1598201287;   759903192;   1.105;-102.002;   0.000;  -0.230;  -1.081;   0.000;       0
  1598201287;   759903192;   1.105;-101.669;   0.000;  -0.223;  -1.082;   0.000;       0
  1598201287;   759903192;   1.109;-101.335;   0.000;  -0.218;  -1.087;   0.000;       0
  1598201287;   759903192;   1.106;-101.002;   0.000;  -0.211;  -1.086;   0.000;       0
  1598201287;   759903192;   1.108;-100.669;   0.000;  -0.205;  -1.089;   0.000;       0
  1598201287;   759903192;   1.112;-100.335;   0.000;  -0.200;  -1.094;   0.000;       0
  1598201287;   759903192;   1.109;-100.002;   0.000;  -0.193;  -1.092;   0.000;       0
  1598201287;   759903192;   1.110; -99.669;   0.000;  -0.186;  -1.094;   0.000;       0
  1598201287;   759903192;   1.120; -99.335;   0.000;  -0.182;  -1.105;   0.000;       0
  1598201287;   759903192;   1.113; -99.002;   0.000;  -0.174;  -1.099;   0.000;       0
  1598201287;   759903192;   1.119; -98.669;   0.000;  -0.169;  -1.106;   0.000;       0
  1598201287;   759903192;   1.118; -98.336;   0.000;  -0.162;  -1.106;   0.000;       0
  1598201287;   759903192;   1.116; -98.002;   0.000;  -0.155;  -1.105;   0.000;       0
  1598201287;   759903192;   1.111; -97.669;   0.000;  -0.148;  -1.101;   0.000;       0
  1598201287;   759903192;   1.113; -97.336;   0.000;  -0.142;  -1.104;   0.000;       0
  1598201287;   759903192;   1.109; -97.002;   0.000;  -0.135;  -1.101;   0.000;       0
  1598201287;   759903192;   1.108; -96.669;   0.000;  -0.129;  -1.101;   0.000;       0
  1598201287;   759903192;   1.084; -96.336;   0.000;  -0.120;  -1.077;   0.000;       0
  1598201287;   759903192;   0.996; -96.002;   0.000;  -0.104;  -0.991;   0.000;       0
  1598201287;   759903192;   0.809; -95.669;   0.000;  -0.080;  -0.805;   0.000;       0
  1598201287;   759903192;   0.712; -95.336;   0.000;  -0.066;  -0.709;   0.000;       0
  1598201287;   759903192;   0.678; -95.003;   0.000;  -0.059;  -0.675;   0.000;       0
  1598201287;   759903192;   0.671; -94.669;   0.000;  -0.055;  -0.669;   0.000;       0
  1598201287;   759903192;   0.675; -94.336;   0.000;  -0.051;  -0.673;   0.000;       0
  1598201287;   759903192;   0.671; -94.003;   0.000;  -0.047;  -0.669;   0.000;       0
  1598201287;   759903192;   0.677; -93.669;   0.000;  -0.043;  -0.676;   0.000;       0
  1598201287;   759903192;   0.664; -93.336;   0.000;  -0.039;  -0.663;   0.000;       0
  1598201287;   759903192;   0.663; -93.003;   0.000;  -0.035;  -0.662;   0.000;       0
  1598201287;   759903192;   0.666; -92.669;   0.000;  -0.031;  -0.665;   0.000;       0
  1598201287;   759903192;   0.657; -92.336;   0.000;  -0.027;  -0.656;   0.000;       0
  1598201287;   759903192;   0.666; -92.003;   0.000;  -0.023;  -0.666;   0.000;       0
  1598201287;   759903192;   0.663; -91.670;   0.000;  -0.019;  -0.663;   0.000;       0
  1598201287;   759903192;   0.664; -91.336;   0.000;  -0.015;  -0.664;   0.000;       0
  1598201287;   759903192;   0.655; -91.003;   0.000;  -0.011;  -0.655;   0.000;       0
  1598201287;   759903192;   0.658; -90.670;   0.000;  -0.008;  -0.658;   0.000;       0
  1598201287;   759903192;   0.658; -90.336;   0.000;  -0.004;  -0.658;   0.000;       0
  1598201287;   759903192;   0.666; -90.003;   0.000;  -0.000;  -0.666;   0.000;       0
  1598201287;   759903192;   0.650; -89.670;   0.000;   0.004;  -0.650;   0.000;       0
  1598201287;   759903192;   0.656; -89.336;   0.000;   0.008;  -0.656;   0.000;       0
  1598201287;   759903192;   0.649; -89.003;   0.000;   0.011;  -0.649;   0.000;       0
  1598201287;   759903192;   0.659; -88.670;   0.000;   0.015;  -0.659;   0.000;       0
  1598201287;   759903192;   0.653; -88.337;   0.000;   0.019;  -0.653;   0.000;       0
  1598201287;   759903192;   0.657; -88.003;   0.000;   0.023;  -0.657;   0.000;       0
  1598201287;   759903192;   0.661; -87.670;   0.000;   0.027;  -0.660;   0.000;       0
  1598201287;   759903192;   0.661; -87.337;   0.000;   0.031;  -0.660;   0.000;       0
  1598201287;   759903192;   0.661; -87.003;   0.000;   0.035;  -0.660;   0.000;       0
  1598201287;   759903192;   0.669; -86.670;   0.000;   0.039;  -0.668;   0.000;       0
  1598201287;   759903192;   0.672; -86.337;   0.000;   0.043;  -0.671;   0.000;       0
  1598201287;   759903192;   0.676; -86.003;   0.000;   0.047;  -0.674;   0.000;       0
  1598201287;   759903192;   0.683; -85.670;   0.000;   0.052;  -0.681;   0.000;       0
  1598201287;   759903192;   0.689; -85.337;   0.000;   0.056;  -0.687;   0.000;       0
  1598201287;   759903192;   0.736; -85.004;   0.000;   0.064;  -0.733;   0.000;       0
  1598201287;   759903192;   3.514; -84.670;   0.000;   0.326;  -3.499;   0.000;       0
  1598201287;   759903192;   3.519; -84.337;   0.000;   0.347;  -3.502;   0.000;       0
  1598201287;   759903192;   3.520; -84.004;   0.000;   0.368;  -3.501;   0.000;       0
  1598201287;   759903192;   1.833; -83.670;   0.000;   0.202;  -1.822;   0.000;       0
  1598201287;   759903192;   1.492; -83.337;   0.000;   0.173;  -1.482;   0.000;       0
  1598201287;   759903192;   1.826; -83.004;   0.000;   0.222;  -1.812;   0.000;       0
  1598201287;   759903192;   3.536; -82.670;   0.000;   0.451;  -3.507;   0.000;       0
  1598201287;   759903192;   3.543; -82.337;   0.000;   0.472;  -3.511;   0.000;       0
  1598201287;   759903192;   3.538; -82.004;   0.000;   0.492;  -3.504;   0.000;       0
  1598201287;   759903192;   3.543; -81.671;   0.000;   0.513;  -3.506;   0.000;       0
  1598201287;   759903192;   3.545; -81.337;   0.000;   0.534;  -3.505;   0.000;       0
  1598201287;   759903192;   3.551; -81.004;   0.000;   0.555;  -3.507;   0.000;       0
  1598201287;   759903192;   3.553; -80.671;   0.000;   0.576;  -3.506;   0.000;       0
  1598201287;   759903192;   3.560; -80.337;   0.000;   0.598;  -3.509;   0.000;       0
  1598201287;   759903192;   3.568; -80.004;   0.000;   0.619;  -3.514;   0.000;       0
  1598201287;   759903192;   3.567; -79.671;   0.000;   0.640;  -3.509;   0.000;       0
  1598201287;   759903192;   3.572; -79.337;   0.000;   0.661;  -3.510;   0.000;       0
  1598201287;   759903192;   3.573; -79.004;   0.000;   0.682;  -3.507;   0.000;       0
  1598201287;   759903192;   3.577; -78.671;   0.000;   0.703;  -3.507;   0.000;       0
  1598201287;   759903192;   3.539; -78.338;   0.000;   0.715;  -3.466;   0.000;       0
  1598201287;   759903192;   3.275; -78.004;   0.000;   0.681;  -3.203;   0.000;       0
  1598201287;   759903192;   1.301; -77.671;   0.000;   0.278;  -1.271;   0.000;       0
  1598201287;   759903192;   1.224; -77.338;   0.000;   0.268;  -1.194;   0.000;       0
  1598201287;   759903192;   1.091; -77.004;   0.000;   0.245;  -1.063;   0.000;       0
  1598201287;   759903192;   1.028; -76.671;   0.000;   0.237;  -1.000;   0.000;       0
  1598201287;   759903192;   1.008; -76.338;   0.000;   0.238;  -0.979;   0.000;       0
  1598201287;   759903192;   1.002; -76.004;   0.000;   0.242;  -0.972;   0.000;       0
  1598201287;   759903192;   0.983; -75.671;   0.000;   0.243;  -0.952;   0.000;       0
  1598201287;   759903192;   0.962; -75.338;   0.000;   0.244;  -0.931;   0.000;       0
  1598201287;   759903192;   0.947; -75.005;   0.000;   0.245;  -0.915;   0.000;       0
  1598201287;   759903192;   0.948; -74.671;   0.000;   0.251;  -0.914;   0.000;       0
  1598201287;   759903192;   0.960; -74.338;   0.000;   0.259;  -0.924;   0.000;       0
  1598201287;   759903192;   0.950; -74.005;   0.000;   0.262;  -0.913;   0.000;       0
  1598201287;   759903192;   0.956; -73.671;   0.000;   0.269;  -0.917;   0.000;       0
  1598201287;   759903192;   1.040; -73.338;   0.000;   0.298;  -0.996;   0.000;       0
  1598201287;   759903192;   1.259; -73.005;   0.000;   0.368;  -1.204;   0.000;       0
  1598201287;   759903192;   1.275; -72.671;   0.000;   0.380;  -1.217;   0.000;       0
  1598201287;   759903192;   1.248; -72.338;   0.000;   0.379;  -1.189;   0.000;       0
  1598201287;   759903192;   0.956; -72.005;   0.000;   0.295;  -0.909;   0.000;       0
  1598201287;   759903192;   0.742; -71.672;   0.000;   0.233;  -0.704;   0.000;       0
  1598201287;   759903192;   0.619; -71.338;   0.000;   0.198;  -0.586;   0.000;       0
  1598201287;   759903192;   0.002; -71.005;   0.000;   0.001;  -0.002;   0.000;       0
  1598201287;   759903192;   0.002; -70.672;   0.000;   0.001;  -0.002;   0.000;       0
  1598201287;   759903192;   0.002; -70.338;   0.000;   0.001;  -0.002;   0.000;       0
  1598201287;   759903192;   0.002; -70.005;   0.000;   0.001;  -0.002;   0.000;       0
  1598201287;   759903192;   0.002; -69.672;   0.000;   0.001;  -0.002;   0.000;       0
  1598201287;   759903192;   0.002; -69.338;   0.000;   0.001;  -0.002;   0.000;       0
  1598201287;   759903192;   0.002; -69.005;   0.000;   0.001;  -0.002;   0.000;       0
  1598201287;   759903192;   0.002; -68.672;   0.000;   0.001;  -0.002;   0.000;       0
  1598201287;   759903192;   0.002; -68.339;   0.000;   0.001;  -0.002;   0.000;       0
  1598201287;   759903192;   0.002; -68.005;   0.000;   0.001;  -0.002;   0.000;       0
  1598201287;   759903192;   0.002; -67.672;   0.000;   0.001;  -0.002;   0.000;       0
  1598201287;   759903192;   0.002; -67.339;   0.000;   0.001;  -0.002;   0.000;       0
  1598201287;   759903192;   0.002; -67.005;   0.000;   0.001;  -0.002;   0.000;       0
  1598201287;   759903192;   0.002; -66.672;   0.000;   0.001;  -0.002;   0.000;       0
  1598201287;   759903192;   0.002; -66.339;   0.000;   0.001;  -0.002;   0.000;       0
  1598201287;   759903192;   0.002; -66.005;   0.000;   0.001;  -0.002;   0.000;       0
  1598201287;   759903192;   0.002; -65.672;   0.000;   0.001;  -0.002;   0.000;       0
  1598201287;   759903192;   0.002; -65.339;   0.000;   0.001;  -0.002;   0.000;       0
  1598201287;   759903192;   0.002; -65.006;   0.000;   0.001;  -0.002;   0.000;       0
  1598201287;   759903192;   0.002; -64.672;   0.000;   0.001;  -0.002;   0.000;       0
  1598201287;   759903192;   0.002; -64.339;   0.000;   0.001;  -0.002;   0.000;       0
  1598201287;   759903192;   0.002; -64.006;   0.000;   0.001;  -0.002;   0.000;       0
  1598201287;   759903192;   0.002; -63.672;   0.000;   0.001;  -0.002;   0.000;       0
  1598201287;   759903192;   0.002; -63.339;   0.000;   0.001;  -0.002;   0.000;       0
  1598201287;   759903192;   0.002; -63.006;   0.000;   0.001;  -0.002;   0.000;       0
  1598201287;   759903192;   0.002; -62.672;   0.000;   0.001;  -0.002;   0.000;       0
  1598201287;   759903192;   0.002; -62.339;   0.000;   0.001;  -0.002;   0.000;       0
  1598201287;   759903192;   0.002; -62.006;   0.000;   0.001;  -0.002;   0.000;       0
  1598201287;   759903192;   0.002; -61.673;   0.000;   0.001;  -0.002;   0.000;       0
  1598201287;   759903192;   0.002; -61.339;   0.000;   0.001;  -0.002;   0.000;       0
  1598201287;   759903192;   0.002; -61.006;   0.000;   0.001;  -0.002;   0.000;       0
  1598201287;   759903192;   0.002; -60.673;   0.000;   0.001;  -0.002;   0.000;       0
  1598201287;   759903192;   0.002; -60.339;   0.000;   0.001;  -0.002;   0.000;       0
  1598201287;   759903192;   0.002; -60.006;   0.000;   0.001;  -0.002;   0.000;       0
  1598201287;   759903192;   0.002; -59.673;   0.000;   0.001;  -0.002;   0.000;       0
  1598201287;   759903192;   0.002; -59.339;   0.000;   0.001;  -0.002;   0.000;       0
  1598201287;   759903192;   0.002; -59.006;   0.000;   0.001;  -0.002;   0.000;       0
  1598201287;   759903192;   0.002; -58.673;   0.000;   0.001;  -0.002;   0.000;       0
  1598201287;   759903192;   0.002; -58.340;   0.000;   0.001;  -0.002;   0.000;       0
  1598201287;   759903192;   0.002; -58.006;   0.000;   0.001;  -0.002;   0.000;       0
  1598201287;   759903192;   0.002; -57.673;   0.000;   0.001;  -0.002;   0.000;       0
  1598201287;   759903192;   0.002; -57.340;   0.000;   0.001;  -0.002;   0.000;       0
  1598201287;   759903192;   0.002; -57.006;   0.000;   0.001;  -0.002;   0.000;       0
  1598201287;   759903192;   0.002; -56.673;   0.000;   0.001;  -0.002;   0.000;       0
  1598201287;   759903192;   0.002; -56.340;   0.000;   0.001;  -0.002;   0.000;       0
  1598201287;   759903192;   0.002; -56.006;   0.000;   0.001;  -0.002;   0.000;       0
  1598201287;   759903192;   0.002; -55.673;   0.000;   0.001;  -0.002;   0.000;       0
  1598201287;   759903192;   0.002; -55.340;   0.000;   0.001;  -0.002;   0.000;       0
  1598201287;   759903192;   0.002; -55.007;   0.000;   0.001;  -0.002;   0.000;       0
  1598201287;   759903192;   0.002; -54.673;   0.000;   0.001;  -0.002;   0.000;       0
  1598201287;   759903192;   0.002; -54.340;   0.000;   0.001;  -0.002;   0.000;       0
  1598201287;   759903192;   0.002; -54.007;   0.000;   0.001;  -0.002;   0.000;       0
  1598201287;   759903192;   0.318; -53.673;   0.000;   0.188;  -0.256;   0.000;       0
  1598201287;   759903192;   0.002; -53.340;   0.000;   0.001;  -0.002;   0.000;       0
  1598201287;   759903192;   0.002; -53.007;   0.000;   0.001;  -0.002;   0.000;       0
  1598201287;   759903192;   0.331; -52.673;   0.000;   0.201;  -0.263;   0.000;       0
  1598201287;   759903192;   0.317; -52.340;   0.000;   0.194;  -0.251;   0.000;       0
  1598201287;   759903192;   0.312; -52.007;   0.000;   0.192;  -0.246;   0.000;       0
  1598201287;   759903192;   0.317; -51.674;   0.000;   0.197;  -0.249;   0.000;       0
  1598201287;   759903192;   0.310; -51.340;   0.000;   0.194;  -0.242;   0.000;       0
  1598201287;   759903192;   0.308; -51.007;   0.000;   0.194;  -0.239;   0.000;       0
  1598201287;   759903192;   0.308; -50.674;   0.000;   0.195;  -0.238;   0.000;       0
  1598201287;   759903192;   0.303; -50.340;   0.000;   0.193;  -0.233;   0.000;       0
  1598201287;   759903192;   0.310; -50.007;   0.000;   0.199;  -0.237;   0.000;       0
  1598201287;   759903192;   0.297; -49.674;   0.000;   0.192;  -0.226;   0.000;       0
  1598201287;   759903192;   0.002; -49.340;   0.000;   0.001;  -0.002;   0.000;       0
  1598201287;   759903192;   0.002; -49.007;   0.000;   0.001;  -0.002;   0.000;       0
  1598201287;   759903192;   0.002; -48.674;   0.000;   0.001;  -0.002;   0.000;       0
  1598201287;   759903192;   0.002; -48.341;   0.000;   0.001;  -0.001;   0.000;       0
  1598201287;   759903192;   0.291; -48.007;   0.000;   0.195;  -0.216;   0.000;       0
  1598201287;   759903192;   0.002; -47.674;   0.000;   0.001;  -0.001;   0.000;       0
  1598201287;   759903192;   0.582; -47.341;   0.000;   0.394;  -0.428;   0.000;       0
  1598201287;   759903192;   0.585; -47.007;   0.000;   0.399;  -0.428;   0.000;       0
  1598201287;   759903192;   0.590; -46.674;   0.000;   0.405;  -0.429;   0.000;       0
  1598201287;   759903192;   0.586; -46.341;   0.000;   0.405;  -0.424;   0.000;       0
  1598201287;   759903192;   0.592; -46.007;   0.000;   0.411;  -0.426;   0.000;       0
  1598201287;   759903192;   0.593; -45.674;   0.000;   0.414;  -0.424;   0.000;       0
  1598201287;   759903192;   0.605; -45.341;   0.000;   0.425;  -0.430;   0.000;       0
  1598201287;   759903192;   0.630; -45.008;   0.000;   0.445;  -0.446;   0.000;       0
  1598201287;   759903192;   0.631; -44.674;   0.000;   0.449;  -0.444;   0.000;       0
  1598201287;   759903192;   0.603; -44.341;   0.000;   0.431;  -0.421;   0.000;       0
  1598201287;   759903192;   0.594; -44.008;   0.000;   0.427;  -0.413;   0.000;       0
  1598201287;   759903192;   0.588; -43.674;   0.000;   0.425;  -0.406;   0.000;       0
  1598201287;   759903192;   0.590; -43.341;   0.000;   0.429;  -0.405;   0.000;       0
  1598201287;   759903192;   0.587; -43.008;   0.000;   0.429;  -0.400;   0.000;       0
  1598201287;   759903192;   0.587; -42.675;   0.000;   0.432;  -0.398;   0.000;       0
  1598201287;   759903192;   0.593; -42.341;   0.000;   0.438;  -0.399;   0.000;       0
  1598201287;   759903192;   0.589; -42.008;   0.000;   0.438;  -0.394;   0.000;       0
  1598201287;   759903192;   0.580; -41.675;   0.000;   0.433;  -0.386;   0.000;       0
  1598201287;   759903192;   0.553; -41.341;   0.000;   0.415;  -0.365;   0.000;       0
  1598201287;   759903192;   0.580; -41.008;   0.000;   0.438;  -0.381;   0.000;       0
  1598201287;   759903192;   0.550; -40.675;   0.000;   0.417;  -0.358;   0.000;       0
  1598201287;   759903192;   0.568; -40.341;   0.000;   0.433;  -0.368;   0.000;       0
  1598201287;   759903192;   0.587; -40.008;   0.000;   0.450;  -0.377;   0.000;       0
  1598201287;   759903192;   0.607; -39.675;   0.000;   0.467;  -0.388;   0.000;       0
  1598201287;   759903192;   0.607; -39.342;   0.000;   0.469;  -0.385;   0.000;       0
  1598201287;   759903192;   0.623; -39.008;   0.000;   0.484;  -0.392;   0.000;       0
  1598201287;   759903192;   0.625; -38.675;   0.000;   0.488;  -0.391;   0.000;       0
  1598201287;   759903192;   0.623; -38.342;   0.000;   0.489;  -0.386;   0.000;       0
  1598201287;   759903192;   0.622; -38.008;   0.000;   0.490;  -0.383;   0.000;       0
  1598201287;   759903192;   0.606; -37.675;   0.000;   0.480;  -0.370;   0.000;       0
  1598201287;   759903192;   0.623; -37.342;   0.000;   0.495;  -0.378;   0.000;       0
  1598201287;   759903192;   0.622; -37.008;   0.000;   0.497;  -0.374;   0.000;       0
  1598201287;   759903192;   0.622; -36.675;   0.000;   0.499;  -0.372;   0.000;       0
  1598201287;   759903192;   0.600; -36.342;   0.000;   0.483;  -0.356;   0.000;       0
  1598201287;   759903192;   0.605; -36.009;   0.000;   0.489;  -0.356;   0.000;       0
  1598201287;   759903192;   0.599; -35.675;   0.000;   0.487;  -0.349;   0.000;       0
  1598201287;   759903192;   0.611; -35.342;   0.000;   0.498;  -0.353;   0.000;       0
  1598201287;   759903192;   0.624; -35.009;   0.000;   0.511;  -0.358;   0.000;       0
  1598201287;   759903192;   0.651; -34.675;   0.000;   0.535;  -0.370;   0.000;       0
  1598201287;   759903192;   0.651; -34.342;   0.000;   0.538;  -0.367;   0.000;       0
  1598201287;   759903192;   0.621; -34.009;   0.000;   0.515;  -0.347;   0.000;       0
  1598201287;   759903192;   0.620; -33.675;   0.000;   0.516;  -0.344;   0.000;       0
  1598201287;   759903192;   0.622; -33.342;   0.000;   0.520;  -0.342;   0.000;       0
  1598201287;   759903192;   0.627; -33.009;   0.000;   0.526;  -0.342;   0.000;       0
  1598201287;   759903192;   0.631; -32.676;   0.000;   0.531;  -0.341;   0.000;       0
  1598201287;   759903192;   0.628; -32.342;   0.000;   0.531;  -0.336;   0.000;       0
  1598201287;   759903192;   0.630; -32.009;   0.000;   0.534;  -0.334;   0.000;       0
  1598201287;   759903192;   0.630; -31.676;   0.000;   0.536;  -0.331;   0.000;       0
  1598201287;   759903192;   0.627; -31.342;   0.000;   0.536;  -0.326;   0.000;       0
  1598201287;   759903192;   0.635; -31.009;   0.000;   0.544;  -0.327;   0.000;       0
  1598201287;   759903192;   0.628; -30.676;   0.000;   0.540;  -0.320;   0.000;       0
  1598201287;   759903192;   0.637; -30.342;   0.000;   0.550;  -0.322;   0.000;       0
  1598201287;   759903192;   0.635; -30.009;   0.000;   0.550;  -0.318;   0.000;       0
  1598201287;   759903192;   0.627; -29.676;   0.000;   0.545;  -0.310;   0.000;       0
  1598201287;   759903192;   0.641; -29.343;   0.000;   0.559;  -0.314;   0.000;       0
  1598201287;   759903192;   0.636; -29.009;   0.000;   0.556;  -0.308;   0.000;       0
  1598201287;   759903192;   0.634; -28.676;   0.000;   0.556;  -0.304;   0.000;       0
  1598201287;   759903192;   0.620; -28.343;   0.000;   0.546;  -0.294;   0.000;       0
  1598201287;   759903192;   0.617; -28.009;   0.000;   0.545;  -0.290;   0.000;       0
  1598201287;   759903192;   0.619; -27.676;   0.000;   0.548;  -0.288;   0.000;       0
  1598201287;   759903192;   0.622; -27.343;   0.000;   0.553;  -0.286;   0.000;       0
  1598201287;   759903192;   0.623; -27.009;   0.000;   0.555;  -0.283;   0.000;       0
  1598201287;   759903192;   0.629; -26.676;   0.000;   0.562;  -0.282;   0.000;       0
  1598201287;   759903192;   0.629; -26.343;   0.000;   0.564;  -0.279;   0.000;       0
  1598201287;   759903192;   0.628; -26.010;   0.000;   0.564;  -0.275;   0.000;       0
  1598201287;   759903192;   0.618; -25.676;   0.000;   0.557;  -0.268;   0.000;       0
  1598201287;   759903192;   0.615; -25.343;   0.000;   0.556;  -0.263;   0.000;       0
  1598201287;   759903192;   0.612; -25.010;   0.000;   0.555;  -0.259;   0.000;       0
  1598201287;   759903192;   0.614; -24.676;   0.000;   0.558;  -0.256;   0.000;       0
  1598201287;   759903192;   0.617; -24.343;   0.000;   0.562;  -0.254;   0.000;       0
  1598201287;   759903192;   0.625; -24.010;   0.000;   0.571;  -0.254;   0.000;       0
  1598201287;   759903192;   0.621; -23.676;   0.000;   0.569;  -0.249;   0.000;       0
  1598201287;   759903192;   0.625; -23.343;   0.000;   0.574;  -0.248;   0.000;       0
  1598201287;   759903192;   0.630; -23.010;   0.000;   0.580;  -0.246;   0.000;       0
  1598201287;   759903192;   0.633; -22.677;   0.000;   0.584;  -0.244;   0.000;       0
  1598201287;   759903192;   0.634; -22.343;   0.000;   0.586;  -0.241;   0.000;       0
  1598201287;   759903192;   0.630; -22.010;   0.000;   0.584;  -0.236;   0.000;       0
  1598201287;   759903192;   0.641; -21.677;   0.000;   0.596;  -0.237;   0.000;       0
  1598201287;   759903192;   0.593; -21.343;   0.000;   0.552;  -0.216;   0.000;       0
  1598201287;   759903192;   0.589; -21.010;   0.000;   0.550;  -0.211;   0.000;       0
  1598201287;   759903192;   0.592; -20.677;   0.000;   0.554;  -0.209;   0.000;       0
  1598201287;   759903192;   0.589; -20.343;   0.000;   0.552;  -0.205;   0.000;       0
  1598201287;   759903192;   0.581; -20.010;   0.000;   0.546;  -0.199;   0.000;       0
  1598201287;   759903192;   0.585; -19.677;   0.000;   0.551;  -0.197;   0.000;       0
  1598201287;   759903192;   0.585; -19.344;   0.000;   0.552;  -0.194;   0.000;       0
  1598201287;   759903192;   0.585; -19.010;   0.000;   0.553;  -0.191;   0.000;       0
  1598201287;   759903192;   0.579; -18.677;   0.000;   0.549;  -0.185;   0.000;       0
  1598201287;   759903192;   0.575; -18.344;   0.000;   0.546;  -0.181;   0.000;       0
  1598201287;   759903192;   0.582; -18.010;   0.000;   0.553;  -0.180;   0.000;       0
  1598201287;   759903192;   0.579; -17.677;   0.000;   0.552;  -0.176;   0.000;       0
  1598201287;   759903192;   0.578; -17.344;   0.000;   0.552;  -0.172;   0.000;       0
  1598201287;   759903192;   0.576; -17.010;   0.000;   0.551;  -0.169;   0.000;       0
  1598201287;   759903192;   0.577; -16.677;   0.000;   0.553;  -0.166;   0.000;       0
  1598201287;   759903192;   0.579; -16.344;   0.000;   0.556;  -0.163;   0.000;       0
  1598201287;   759903192;   0.576; -16.011;   0.000;   0.554;  -0.159;   0.000;       0
  1598201287;   759903192;   0.575; -15.677;   0.000;   0.554;  -0.155;   0.000;       0
  1598201287;   759903192;   0.573; -15.344;   0.000;   0.553;  -0.152;   0.000;       0
  1598201287;   759903192;   0.572; -15.011;   0.000;   0.552;  -0.148;   0.000;       0
  1598201287;   759903192;   0.568; -14.677;   0.000;   0.549;  -0.144;   0.000;       0
  1598201287;   759903192;   0.568; -14.344;   0.000;   0.550;  -0.141;   0.000;       0
  1598201287;   759903192;   0.573; -14.011;   0.000;   0.556;  -0.139;   0.000;       0
  1598201287;   759903192;   0.570; -13.677;   0.000;   0.554;  -0.135;   0.000;       0
  1598201287;   759903192;   0.571; -13.344;   0.000;   0.556;  -0.132;   0.000;       0
  1598201287;   759903192;   0.570; -13.011;   0.000;   0.555;  -0.128;   0.000;       0
  1598201287;   759903192;   0.568; -12.678;   0.000;   0.554;  -0.125;   0.000;       0
  1598201287;   759903192;   0.572; -12.344;   0.000;   0.559;  -0.122;   0.000;       0
  1598201287;   759903192;   0.566; -12.011;   0.000;   0.554;  -0.118;   0.000;       0
  1598201287;   759903192;   0.566; -11.678;   0.000;   0.554;  -0.115;   0.000;       0
  1598201287;   759903192;   0.570; -11.344;   0.000;   0.559;  -0.112;   0.000;       0
  1598201287;   759903192;   0.569; -11.011;   0.000;   0.559;  -0.109;   0.000;       0
  1598201287;   759903192;   0.581; -10.678;   0.000;   0.571;  -0.108;   0.000;       0
  1598201287;   759903192;   0.632; -10.344;   0.000;   0.622;  -0.113;   0.000;       0
  1598201287;   759903192;   0.661; -10.011;   0.000;   0.651;  -0.115;   0.000;       0
  1598201287;   759903192;   0.626;  -9.678;   0.000;   0.617;  -0.105;   0.000;       0
  1598201287;   759903192;   0.608;  -9.345;   0.000;   0.600;  -0.099;   0.000;       0
  1598201287;   759903192;   2.204;  -9.011;   0.000;   2.177;  -0.345;   0.000;       0
  1598201287;   759903192;   2.189;  -8.678;   0.000;   2.164;  -0.330;   0.000;       0
  1598201287;   759903192;   2.194;  -8.345;   0.000;   2.171;  -0.318;   0.000;       0
  1598201287;   759903192;   2.200;  -8.011;   0.000;   2.179;  -0.307;   0.000;       0
  1598201287;   759903192;   2.191;  -7.678;   0.000;   2.171;  -0.293;   0.000;       0
  1598201287;   759903192;   2.196;  -7.345;   0.000;   2.178;  -0.281;   0.000;       0
  1598201287;   759903192;   2.188;  -7.011;   0.000;   2.172;  -0.267;   0.000;       0
  1598201287;   759903192;   2.187;  -6.678;   0.000;   2.172;  -0.254;   0.000;       0
  1598201287;   759903192;   2.182;  -6.345;   0.000;   2.169;  -0.241;   0.000;       0
  1598201287;   759903192;   2.187;  -6.012;   0.000;   2.175;  -0.229;   0.000;       0
  1598201287;   759903192;   2.196;  -5.678;   0.000;   2.185;  -0.217;   0.000;       0
  1598201287;   759903192;   2.184;  -5.345;   0.000;   2.175;  -0.203;   0.000;       0
  1598201287;   759903192;   2.194;  -5.012;   0.000;   2.186;  -0.192;   0.000;       0
  1598201287;   759903192;   2.183;  -4.678;   0.000;   2.176;  -0.178;   0.000;       0
  1598201287;   759903192;   0.577;  -4.345;   0.000;   0.575;  -0.044;   0.000;       0
  1598201287;   759903192;   0.585;  -4.012;   0.000;   0.584;  -0.041;   0.000;       0
  1598201287;   759903192;   0.576;  -3.678;   0.000;   0.575;  -0.037;   0.000;       0
  1598201287;   759903192;   0.567;  -3.345;   0.000;   0.566;  -0.033;   0.000;       0
  1598201287;   759903192;   0.564;  -3.012;   0.000;   0.563;  -0.030;   0.000;       0
  1598201287;   759903192;   0.566;  -2.679;   0.000;   0.565;  -0.026;   0.000;       0
  1598201287;   759903192;   0.568;  -2.345;   0.000;   0.568;  -0.023;   0.000;       0
  1598201287;   759903192;   0.562;  -2.012;   0.000;   0.562;  -0.020;   0.000;       0
  1598201287;   759903192;   0.558;  -1.679;   0.000;   0.558;  -0.016;   0.000;       0
  1598201287;   759903192;   0.556;  -1.345;   0.000;   0.556;  -0.013;   0.000;       0
  1598201287;   759903192;   0.563;  -1.012;   0.000;   0.563;  -0.010;   0.000;       0
  1598201287;   759903192;   0.560;  -0.679;   0.000;   0.560;  -0.007;   0.000;       0
  1598201287;   759903192;   0.557;  -0.345;   0.000;   0.557;  -0.003;   0.000;       0
  1598201287;   759903192;   0.563;  -0.012;   0.000;   0.563;  -0.000;   0.000;       0
  1598201287;   759903192;   0.561;   0.321;   0.000;   0.561;   0.003;   0.000;       0
  1598201287;   759903192;   0.574;   0.654;   0.000;   0.574;   0.007;   0.000;       0
  1598201287;   759903192;   0.577;   0.988;   0.000;   0.577;   0.010;   0.000;       0
  1598201287;   759903192;   0.598;   1.321;   0.000;   0.598;   0.014;   0.000;       0
  1598201287;   759903192;   0.606;   1.654;   0.000;   0.606;   0.017;   0.000;       0
  1598201287;   759903192;   0.608;   1.988;   0.000;   0.608;   0.021;   0.000;       0
  1598201287;   759903192;   0.604;   2.321;   0.000;   0.604;   0.024;   0.000;       0
  1598201287;   759903192;   0.601;   2.654;   0.000;   0.600;   0.028;   0.000;       0
  1598201287;   759903192;   0.597;   2.988;   0.000;   0.596;   0.031;   0.000;       0
  1598201287;   759903192;   0.607;   3.321;   0.000;   0.606;   0.035;   0.000;       0
  1598201287;   759903192;   0.615;   3.654;   0.000;   0.614;   0.039;   0.000;       0
  1598201287;   759903192;   0.624;   3.987;   0.000;   0.622;   0.043;   0.000;       0
  1598201287;   759903192;   0.614;   4.321;   0.000;   0.612;   0.046;   0.000;       0
  1598201287;   759903192;   0.589;   4.654;   0.000;   0.587;   0.048;   0.000;       0
  1598201287;   759903192;   0.532;   4.987;   0.000;   0.530;   0.046;   0.000;       0
  1598201287;   759903192;   0.002;   5.321;   0.000;   0.002;   0.000;   0.000;       0
  1598201287;   759903192;   0.002;   5.654;   0.000;   0.002;   0.000;   0.000;       0
  1598201287;   759903192;   0.394;   5.987;   0.000;   0.392;   0.041;   0.000;       0
  1598201287;   759903192;   0.404;   6.321;   0.000;   0.402;   0.044;   0.000;       0
  1598201287;   759903192;   0.394;   6.654;   0.000;   0.391;   0.046;   0.000;       0
  1598201287;   759903192;   0.392;   6.987;   0.000;   0.389;   0.048;   0.000;       0
  1598201287;   759903192;   0.002;   7.320;   0.000;   0.002;   0.000;   0.000;       0
  1598201287;   759903192;   0.002;   7.654;   0.000;   0.002;   0.000;   0.000;       0
  1598201287;   759903192;   0.002;   7.987;   0.000;   0.002;   0.000;   0.000;       0
  1598201287;   759903192;   0.002;   8.320;   0.000;   0.002;   0.000;   0.000;       0
  1598201287;   759903192;   0.002;   8.654;   0.000;   0.002;   0.000;   0.000;       0
  1598201287;   759903192;   0.399;   8.987;   0.000;   0.394;   0.062;   0.000;       0
  1598201287;   759903192;   0.417;   9.320;   0.000;   0.411;   0.068;   0.000;       0
  1598201287;   759903192;   0.468;   9.654;   0.000;   0.461;   0.078;   0.000;       0
  1598201287;   759903192;   0.552;   9.987;   0.000;   0.544;   0.096;   0.000;       0
  1598201287;   759903192;   0.560;  10.320;   0.000;   0.551;   0.100;   0.000;       0
  1598201287;   759903192;   0.567;  10.653;   0.000;   0.557;   0.105;   0.000;       0
  1598201287;   759903192;   0.566;  10.987;   0.000;   0.556;   0.108;   0.000;       0
  1598201287;   759903192;   0.569;  11.320;   0.000;   0.558;   0.112;   0.000;       0
  1598201287;   759903192;   0.574;  11.653;   0.000;   0.562;   0.116;   0.000;       0
  1598201287;   759903192;   0.569;  11.987;   0.000;   0.557;   0.118;   0.000;       0
  1598201287;   759903192;   0.565;  12.320;   0.000;   0.552;   0.121;   0.000;       0
  1598201287;   759903192;   0.534;  12.653;   0.000;   0.521;   0.117;   0.000;       0
  1598201287;   759903192;   0.530;  12.987;   0.000;   0.516;   0.119;   0.000;       0
  1598201287;   759903192;   0.535;  13.320;   0.000;   0.521;   0.123;   0.000;       0
  1598201287;   759903192;   0.528;  13.653;   0.000;   0.513;   0.125;   0.000;       0
  1598201287;   759903192;   0.540;  13.986;   0.000;   0.524;   0.131;   0.000;       0
  1598201287;   759903192;   0.531;  14.320;   0.000;   0.515;   0.131;   0.000;       0
  1598201287;   759903192;   0.528;  14.653;   0.000;   0.511;   0.134;   0.000;       0
  1598201287;   759903192;   0.527;  14.986;   0.000;   0.509;   0.136;   0.000;       0
  1598201287;   759903192;   0.526;  15.320;   0.000;   0.507;   0.139;   0.000;       0
  1598201287;   759903192;   0.525;  15.653;   0.000;   0.506;   0.142;   0.000;       0
  1598201287;   759903192;   0.531;  15.986;   0.000;   0.510;   0.146;   0.000;       0
  1598201287;   759903192;   0.528;  16.320;   0.000;   0.507;   0.148;   0.000;       0
  1598201287;   759903192;   0.529;  16.653;   0.000;   0.507;   0.152;   0.000;       0
  1598201287;   759903192;   0.529;  16.986;   0.000;   0.506;   0.155;   0.000;       0
  1598201287;   759903192;   0.526;  17.319;   0.000;   0.502;   0.157;   0.000;       0
  1598201287;   759903192;   0.517;  17.653;   0.000;   0.493;   0.157;   0.000;       0
  1598201287;   759903192;   0.508;  17.986;   0.000;   0.483;   0.157;   0.000;       0
  1598201287;   759903192;   0.530;  18.319;   0.000;   0.503;   0.167;   0.000;       0
  1598201287;   759903192;   0.527;  18.653;   0.000;   0.499;   0.169;   0.000;       0
  1598201287;   759903192;   0.535;  18.986;   0.000;   0.506;   0.174;   0.000;       0
  1598201287;   759903192;   0.531;  19.319;   0.000;   0.501;   0.176;   0.000;       0
  1598201287;   759903192;   0.532;  19.653;   0.000;   0.501;   0.179;   0.000;       0
  1598201287;   759903192;   0.534;  19.986;   0.000;   0.502;   0.183;   0.000;       0
  1598201287;   759903192;   0.544;  20.319;   0.000;   0.510;   0.189;   0.000;       0
  1598201287;   759903192;   0.534;  20.652;   0.000;   0.500;   0.188;   0.000;       0
  1598201287;   759903192;   0.538;  20.986;   0.000;   0.502;   0.193;   0.000;       0
  1598201287;   759903192;   0.534;  21.319;   0.000;   0.497;   0.194;   0.000;       0
  1598201287;   759903192;   0.542;  21.652;   0.000;   0.504;   0.200;   0.000;       0
  1598201287;   759903192;   0.549;  21.986;   0.000;   0.509;   0.206;   0.000;       0
  1598201287;   759903192;   0.557;  22.319;   0.000;   0.515;   0.212;   0.000;       0
  1598201287;   759903192;   0.490;  22.652;   0.000;   0.452;   0.189;   0.000;       0
  1598201287;   759903192;   1.567;  22.986;   0.000;   1.443;   0.612;   0.000;       0
  1598201287;   759903192;   1.539;  23.319;   0.000;   1.413;   0.609;   0.000;       0
  1598201287;   759903192;   1.522;  23.652;   0.000;   1.394;   0.611;   0.000;       0
  1598201287;   759903192;   1.515;  23.985;   0.000;   1.384;   0.616;   0.000;       0
  1598201287;   759903192;   0.208;  24.319;   0.000;   0.190;   0.086;   0.000;       0
  1598201287;   759903192;   0.357;  24.652;   0.000;   0.324;   0.149;   0.000;       0
  1598201287;   759903192;   0.430;  24.985;   0.000;   0.390;   0.182;   0.000;       0
  1598201287;   759903192;   0.444;  25.319;   0.000;   0.401;   0.190;   0.000;       0
  1598201287;   759903192;   0.437;  25.652;   0.000;   0.394;   0.189;   0.000;       0
  1598201287;   759903192;   0.433;  25.985;   0.000;   0.389;   0.190;   0.000;       0
  1598201287;   759903192;   0.426;  26.319;   0.000;   0.382;   0.189;   0.000;       0
  1598201287;   759903192;   0.427;  26.652;   0.000;   0.382;   0.192;   0.000;       0
  1598201287;   759903192;   0.425;  26.985;   0.000;   0.379;   0.193;   0.000;       0
  1598201287;   759903192;   0.428;  27.318;   0.000;   0.380;   0.196;   0.000;       0
  1598201287;   759903192;   0.419;  27.652;   0.000;   0.371;   0.194;   0.000;       0
  1598201287;   759903192;   0.419;  27.985;   0.000;   0.370;   0.197;   0.000;       0
  1598201287;   759903192;   0.415;  28.318;   0.000;   0.365;   0.197;   0.000;       0
  1598201287;   759903192;   0.414;  28.652;   0.000;   0.363;   0.199;   0.000;       0
  1598201287;   759903192;   0.399;  28.985;   0.000;   0.349;   0.193;   0.000;       0
  1598201287;   759903192;   0.401;  29.318;   0.000;   0.350;   0.196;   0.000;       0
  1598201287;   759903192;   0.393;  29.652;   0.000;   0.342;   0.194;   0.000;       0
  1598201287;   759903192;   0.392;  29.985;   0.000;   0.340;   0.196;   0.000;       0
  1598201287;   759903192;   0.394;  30.318;   0.000;   0.340;   0.199;   0.000;       0
  1598201287;   759903192;   0.404;  30.651;   0.000;   0.348;   0.206;   0.000;       0
  1598201287;   759903192;   0.397;  30.985;   0.000;   0.340;   0.204;   0.000;       0
  1598201287;   759903192;   0.400;  31.318;   0.000;   0.342;   0.208;   0.000;       0
  1598201287;   759903192;   0.406;  31.651;   0.000;   0.346;   0.213;   0.000;       0
  1598201287;   759903192;   0.399;  31.985;   0.000;   0.338;   0.211;   0.000;       0
  1598201287;   759903192;   0.414;  32.318;   0.000;   0.350;   0.221;   0.000;       0
  1598201287;   759903192;   0.402;  32.651;   0.000;   0.338;   0.217;   0.000;       0
  1598201287;   759903192;   0.404;  32.985;   0.000;   0.339;   0.220;   0.000;       0
  1598201287;   759903192;   0.416;  33.318;   0.000;   0.348;   0.229;   0.000;       0
  1598201287;   759903192;   0.415;  33.651;   0.000;   0.345;   0.230;   0.000;       0
  1598201287;   759903192;   0.427;  33.984;   0.000;   0.354;   0.239;   0.000;       0
  1598201287;   759903192;   0.420;  34.318;   0.000;   0.347;   0.237;   0.000;       0
  1598201287;   759903192;   0.419;  34.651;   0.000;   0.345;   0.238;   0.000;       0
  1598201287;   759903192;   0.425;  34.984;   0.000;   0.348;   0.244;   0.000;       0
  1598201287;   759903192;   0.421;  35.318;   0.000;   0.344;   0.243;   0.000;       0
  1598201287;   759903192;   0.426;  35.651;   0.000;   0.346;   0.248;   0.000;       0
  1598201287;   759903192;   0.432;  35.984;   0.000;   0.350;   0.254;   0.000;       0
  1598201287;   759903192;   0.435;  36.318;   0.000;   0.351;   0.258;   0.000;       0
  1598201287;   759903192;   0.433;  36.651;   0.000;   0.347;   0.258;   0.000;       0
  1598201287;   759903192;   0.431;  36.984;   0.000;   0.344;   0.259;   0.000;       0
  1598201287;   759903192;   0.449;  37.317;   0.000;   0.357;   0.272;   0.000;       0
  1598201287;   759903192;   0.535;  37.651;   0.000;   0.424;   0.327;   0.000;       0
  1598201287;   759903192;   0.829;  37.984;   0.000;   0.653;   0.510;   0.000;       0
  1598201287;   759903192;   0.905;  38.317;   0.000;   0.710;   0.561;   0.000;       0
  1598201287;   759903192;   0.934;  38.651;   0.000;   0.729;   0.583;   0.000;       0
  1598201287;   759903192;   0.977;  38.984;   0.000;   0.759;   0.615;   0.000;       0
  1598201287;   759903192;   0.985;  39.317;   0.000;   0.762;   0.624;   0.000;       0
  1598201287;   759903192;   0.985;  39.651;   0.000;   0.758;   0.629;   0.000;       0
  1598201287;   759903192;   0.962;  39.984;   0.000;   0.737;   0.618;   0.000;       0
  1598201287;   759903192;   0.957;  40.317;   0.000;   0.730;   0.619;   0.000;       0
  1598201287;   759903192;   0.958;  40.650;   0.000;   0.727;   0.624;   0.000;       0
  1598201287;   759903192;   0.958;  40.984;   0.000;   0.723;   0.628;   0.000;       0
  1598201287;   759903192;   0.949;  41.317;   0.000;   0.713;   0.627;   0.000;       0
  1598201287;   759903192;   0.941;  41.650;   0.000;   0.703;   0.625;   0.000;       0
  1598201287;   759903192;   0.941;  41.984;   0.000;   0.699;   0.629;   0.000;       0
  1598201287;   759903192;   0.925;  42.317;   0.000;   0.684;   0.623;   0.000;       0
  1598201287;   759903192;   0.927;  42.650;   0.000;   0.682;   0.628;   0.000;       0
  1598201287;   759903192;   0.918;  42.984;   0.000;   0.672;   0.626;   0.000;       0
  1598201287;   759903192;   0.915;  43.317;   0.000;   0.666;   0.628;   0.000;       0
  1598201287;   759903192;   0.910;  43.650;   0.000;   0.658;   0.628;   0.000;       0
  1598201287;   759903192;   0.905;  43.983;   0.000;   0.651;   0.628;   0.000;       0
  1598201287;   759903192;   0.902;  44.317;   0.000;   0.645;   0.630;   0.000;       0
  1598201287;   759903192;   0.895;  44.650;   0.000;   0.637;   0.629;   0.000;       0
  1598201287;   759903192;   0.895;  44.983;   0.000;   0.633;   0.633;   0.000;       0
  1598201287;   759903192;   0.890;  45.317;   0.000;   0.626;   0.633;   0.000;       0
  1598201287;   759903192;   0.882;  45.650;   0.000;   0.617;   0.631;   0.000;       0
  1598201287;   759903192;   0.882;  45.983;   0.000;   0.613;   0.634;   0.000;       0
  1598201287;   759903192;   0.870;  46.317;   0.000;   0.601;   0.629;   0.000;       0
  1598201287;   759903192;   0.869;  46.650;   0.000;   0.597;   0.632;   0.000;       0
  1598201287;   759903192;   0.872;  46.983;   0.000;   0.595;   0.638;   0.000;       0
  1598201287;   759903192;   0.859;  47.316;   0.000;   0.582;   0.631;   0.000;       0
  1598201287;   759903192;   0.854;  47.650;   0.000;   0.575;   0.631;   0.000;       0
  1598201287;   759903192;   0.843;  47.983;   0.000;   0.564;   0.626;   0.000;       0
  1598201287;   759903192;   0.846;  48.316;   0.000;   0.563;   0.632;   0.000;       0
  1598201287;   759903192;   0.835;  48.650;   0.000;   0.552;   0.627;   0.000;       0
  1598201287;   759903192;   0.834;  48.983;   0.000;   0.547;   0.629;   0.000;       0
  1598201287;   759903192;   0.833;  49.316;   0.000;   0.543;   0.632;   0.000;       0
  1598201287;   759903192;   0.831;  49.649;   0.000;   0.538;   0.633;   0.000;       0
  1598201287;   759903192;   0.824;  49.983;   0.000;   0.530;   0.631;   0.000;       0
  1598201287;   759903192;   0.822;  50.316;   0.000;   0.525;   0.633;   0.000;       0
  1598201287;   759903192;   0.808;  50.649;   0.000;   0.512;   0.625;   0.000;       0
  1598201287;   759903192;   0.817;  50.983;   0.000;   0.514;   0.635;   0.000;       0
  1598201287;   759903192;   0.812;  51.316;   0.000;   0.508;   0.634;   0.000;       0
  1598201287;   759903192;   0.809;  51.649;   0.000;   0.502;   0.634;   0.000;       0
  1598201287;   759903192;   0.803;  51.983;   0.000;   0.495;   0.633;   0.000;       0
  1598201287;   759903192;   0.796;  52.316;   0.000;   0.487;   0.630;   0.000;       0
  1598201287;   759903192;   0.796;  52.649;   0.000;   0.483;   0.633;   0.000;       0
  1598201287;   759903192;   0.793;  52.982;   0.000;   0.477;   0.633;   0.000;       0
  1598201287;   759903192;   0.786;  53.316;   0.000;   0.470;   0.630;   0.000;       0
  1598201287;   759903192;   0.784;  53.649;   0.000;   0.465;   0.631;   0.000;       0
  1598201287;   759903192;   0.785;  53.982;   0.000;   0.462;   0.635;   0.000;       0
  1598201287;   759903192;   0.773;  54.316;   0.000;   0.451;   0.628;   0.000;       0
  1598201287;   759903192;   0.784;  54.649;   0.000;   0.454;   0.639;   0.000;       0
  1598201287;   759903192;   0.772;  54.982;   0.000;   0.443;   0.632;   0.000;       0
  1598201287;   759903192;   0.772;  55.316;   0.000;   0.439;   0.635;   0.000;       0
  1598201287;   759903192;   0.775;  55.649;   0.000;   0.437;   0.640;   0.000;       0
  1598201287;   759903192;   0.769;  55.982;   0.000;   0.430;   0.637;   0.000;       0
  1598201287;   759903192;   0.769;  56.315;   0.000;   0.427;   0.640;   0.000;       0
  1598201287;   759903192;   0.762;  56.649;   0.000;   0.419;   0.637;   0.000;       0
  1598201287;   759903192;   0.756;  56.982;   0.000;   0.412;   0.634;   0.000;       0
  1598201287;   759903192;   0.760;  57.315;   0.000;   0.410;   0.640;   0.000;       0
  1598201287;   759903192;   0.750;  57.649;   0.000;   0.401;   0.634;   0.000;       0
  1598201287;   759903192;   0.749;  57.982;   0.000;   0.397;   0.635;   0.000;       0
  1598201287;   759903192;   0.748;  58.315;   0.000;   0.393;   0.637;   0.000;       0
  1598201287;   759903192;   0.740;  58.649;   0.000;   0.385;   0.632;   0.000;       0
  1598201287;   759903192;   0.741;  58.982;   0.000;   0.382;   0.635;   0.000;       0
  1598201287;   759903192;   0.740;  59.315;   0.000;   0.378;   0.636;   0.000;       0
  1598201287;   759903192;   0.740;  59.648;   0.000;   0.374;   0.639;   0.000;       0
  1598201287;   759903192;   0.735;  59.982;   0.000;   0.368;   0.636;   0.000;       0
  1598201287;   759903192;   0.732;  60.315;   0.000;   0.363;   0.636;   0.000;       0
  1598201287;   759903192;   0.733;  60.648;   0.000;   0.359;   0.639;   0.000;       0
  1598201287;   759903192;   0.726;  60.982;   0.000;   0.352;   0.635;   0.000;       0
  1598201287;   759903192;   0.723;  61.315;   0.000;   0.347;   0.634;   0.000;       0
  1598201287;   759903192;   0.729;  61.648;   0.000;   0.346;   0.642;   0.000;       0
  1598201287;   759903192;   0.726;  61.982;   0.000;   0.341;   0.641;   0.000;       0
  1598201287;   759903192;   0.719;  62.315;   0.000;   0.334;   0.637;   0.000;       0
  1598201287;   759903192;   0.720;  62.648;   0.000;   0.331;   0.640;   0.000;       0
  1598201287;   759903192;   0.722;  62.981;   0.000;   0.328;   0.643;   0.000;       0
  1598201287;   759903192;   0.709;  63.315;   0.000;   0.318;   0.633;   0.000;       0
  1598201287;   759903192;   0.710;  63.648;   0.000;   0.315;   0.636;   0.000;       0
  1598201287;   759903192;   0.718;  63.981;   0.000;   0.315;   0.645;   0.000;       0
  1598201287;   759903192;   0.712;  64.315;   0.000;   0.309;   0.642;   0.000;       0
  1598201287;   759903192;   0.707;  64.648;   0.000;   0.303;   0.639;   0.000;       0
  1598201287;   759903192;   0.705;  64.981;   0.000;   0.298;   0.639;   0.000;       0
  1598201287;   759903192;   0.707;  65.315;   0.000;   0.295;   0.642;   0.000;       0
  1598201287;   759903192;   0.706;  65.648;   0.000;   0.291;   0.643;   0.000;       0
  1598201287;   759903192;   0.705;  65.981;   0.000;   0.287;   0.644;   0.000;       0
  1598201287;   759903192;   0.695;  66.314;   0.000;   0.279;   0.636;   0.000;       0
  1598201287;   759903192;   0.697;  66.648;   0.000;   0.276;   0.640;   0.000;       0
  1598201287;   759903192;   0.703;  66.981;   0.000;   0.275;   0.647;   0.000;       0
  1598201287;   759903192;   0.696;  67.314;   0.000;   0.268;   0.642;   0.000;       0
  1598201287;   759903192;   0.690;  67.648;   0.000;   0.262;   0.638;   0.000;       0
  1598201287;   759903192;   0.698;  67.981;   0.000;   0.262;   0.647;   0.000;       0
  1598201287;   759903192;   0.691;  68.314;   0.000;   0.255;   0.642;   0.000;       0
  1598201287;   759903192;   0.689;  68.648;   0.000;   0.251;   0.642;   0.000;       0
  1598201287;   759903192;   0.698;  68.981;   0.000;   0.250;   0.652;   0.000;       0
  1598201287;   759903192;   0.684;  69.314;   0.000;   0.242;   0.640;   0.000;       0
  1598201287;   759903192;   0.682;  69.647;   0.000;   0.237;   0.639;   0.000;       0
  1598201287;   759903192;   0.683;  69.981;   0.000;   0.234;   0.642;   0.000;       0
  1598201287;   759903192;   0.683;  70.314;   0.000;   0.230;   0.643;   0.000;       0
  1598201287;   759903192;   0.684;  70.647;   0.000;   0.227;   0.645;   0.000;       0
  1598201287;   759903192;   0.684;  70.981;   0.000;   0.223;   0.647;   0.000;       0
  1598201287;   759903192;   0.686;  71.314;   0.000;   0.220;   0.650;   0.000;       0
  1598201287;   759903192;   0.679;  71.647;   0.000;   0.214;   0.644;   0.000;       0
  1598201287;   759903192;   0.680;  71.981;   0.000;   0.210;   0.647;   0.000;       0
  1598201287;   759903192;   0.680;  72.314;   0.000;   0.207;   0.648;   0.000;       0
  1598201287;   759903192;   0.680;  72.647;   0.000;   0.203;   0.649;   0.000;       0
  1598201287;   759903192;   0.676;  72.980;   0.000;   0.198;   0.646;   0.000;       0
  1598201287;   759903192;   0.676;  73.314;   0.000;   0.194;   0.648;   0.000;       0
  1598201287;   759903192;   0.676;  73.647;   0.000;   0.190;   0.649;   0.000;       0
  1598201287;   759903192;   0.672;  73.980;   0.000;   0.185;   0.646;   0.000;       0
  1598201287;   759903192;   0.667;  74.314;   0.000;   0.180;   0.642;   0.000;       0
  1598201287;   759903192;   0.668;  74.647;   0.000;   0.177;   0.644;   0.000;       0
  1598201287;   759903192;   0.677;  74.980;   0.000;   0.175;   0.654;   0.000;       0
  1598201287;   759903192;   0.666;  75.314;   0.000;   0.169;   0.644;   0.000;       0
  1598201287;   759903192;   0.669;  75.647;   0.000;   0.166;   0.648;   0.000;       0
  1598201287;   759903192;   0.671;  75.980;   0.000;   0.163;   0.651;   0.000;       0
  1598201287;   759903192;   0.670;  76.313;   0.000;   0.159;   0.651;   0.000;       0
  1598201287;   759903192;   0.673;  76.647;   0.000;   0.155;   0.655;   0.000;       0
  1598201287;   759903192;   0.671;  76.980;   0.000;   0.151;   0.654;   0.000;       0
  1598201287;   759903192;   0.666;  77.313;   0.000;   0.146;   0.650;   0.000;       0
  1598201287;   759903192;   0.663;  77.647;   0.000;   0.142;   0.648;   0.000;       0
  1598201287;   759903192;   0.663;  77.980;   0.000;   0.138;   0.648;   0.000;       0
  1598201287;   759903192;   0.661;  78.313;   0.000;   0.134;   0.647;   0.000;       0
  1598201287;   759903192;   0.658;  78.647;   0.000;   0.130;   0.645;   0.000;       0
  1598201287;   759903192;   0.655;  78.980;   0.000;   0.125;   0.643;   0.000;       0
  1598201287;   759903192;   0.653;  79.313;   0.000;   0.121;   0.642;   0.000;       0
  1598201287;   759903192;   0.657;  79.646;   0.000;   0.118;   0.646;   0.000;       0
  1598201287;   759903192;   0.663;  79.980;   0.000;   0.115;   0.653;   0.000;       0
  1598201287;   759903192;   0.660;  80.313;   0.000;   0.111;   0.651;   0.000;       0
  1598201287;   759903192;   0.667;  80.646;   0.000;   0.108;   0.658;   0.000;       0
  1598201287;   759903192;   0.658;  80.980;   0.000;   0.103;   0.650;   0.000;       0
  1598201287;   759903192;   0.649;  81.313;   0.000;   0.098;   0.642;   0.000;       0
  1598201287;   759903192;   0.658;  81.646;   0.000;   0.096;   0.651;   0.000;       0
  1598201287;   759903192;   0.661;  81.980;   0.000;   0.092;   0.655;   0.000;       0
  1598201287;   759903192;   0.659;  82.313;   0.000;   0.088;   0.653;   0.000;       0
  1598201287;   759903192;   0.662;  82.646;   0.000;   0.085;   0.657;   0.000;       0
  1598201287;   759903192;   0.651;  82.979;   0.000;   0.080;   0.646;   0.000;       0
  1598201287;   759903192;   0.654;  83.313;   0.000;   0.076;   0.650;   0.000;       0
  1598201287;   759903192;   0.660;  83.646;   0.000;   0.073;   0.656;   0.000;       0
  1598201287;   759903192;   0.649;  83.979;   0.000;   0.068;   0.645;   0.000;       0
  1598201287;   759903192;   0.654;  84.313;   0.000;   0.065;   0.651;   0.000;       0
  1598201287;   759903192;   0.659;  84.646;   0.000;   0.061;   0.656;   0.000;       0
  1598201287;   759903192;   0.653;  84.979;   0.000;   0.057;   0.650;   0.000;       0
  1598201287;   759903192;   0.657;  85.313;   0.000;   0.054;   0.655;   0.000;       0
  1598201287;   759903192;   0.658;  85.646;   0.000;   0.050;   0.656;   0.000;       0
  1598201287;   759903192;   0.655;  85.979;   0.000;   0.046;   0.653;   0.000;       0
  1598201287;   759903192;   0.651;  86.312;   0.000;   0.042;   0.650;   0.000;       0
  1598201287;   759903192;   0.653;  86.646;   0.000;   0.038;   0.652;   0.000;       0
  1598201287;   759903192;   0.658;  86.979;   0.000;   0.035;   0.657;   0.000;       0
  1598201287;   759903192;   0.656;  87.312;   0.000;   0.031;   0.655;   0.000;       0
  1598201287;   759903192;   0.656;  87.646;   0.000;   0.027;   0.655;   0.000;       0
  1598201287;   759903192;   0.655;  87.979;   0.000;   0.023;   0.655;   0.000;       0
  1598201287;   759903192;   0.650;  88.312;   0.000;   0.019;   0.650;   0.000;       0
  1598201287;   759903192;   0.656;  88.646;   0.000;   0.016;   0.656;   0.000;       0
  1598201287;   759903192;   0.654;  88.979;   0.000;   0.012;   0.654;   0.000;       0
  1598201287;   759903192;   0.653;  89.312;   0.000;   0.008;   0.653;   0.000;       0
  1598201287;   759903192;   0.647;  89.645;   0.000;   0.004;   0.647;   0.000;       0
  1598201287;   759903192;   0.652;  89.979;   0.000;   0.000;   0.652;   0.000;       0
  1598201287;   759903192;   0.655;  90.312;   0.000;  -0.004;   0.655;   0.000;       0
  1598201287;   759903192;   0.651;  90.645;   0.000;  -0.007;   0.651;   0.000;       0
  1598201287;   759903192;   0.659;  90.979;   0.000;  -0.011;   0.659;   0.000;       0
  1598201287;   759903192;   0.659;  91.312;   0.000;  -0.015;   0.659;   0.000;       0
  1598201287;   759903192;   0.653;  91.645;   0.000;  -0.019;   0.653;   0.000;       0
  1598201287;   759903192;   0.658;  91.979;   0.000;  -0.023;   0.658;   0.000;       0
  1598201287;   759903192;   0.648;  92.312;   0.000;  -0.026;   0.647;   0.000;       0
  1598201287;   759903192;   0.655;  92.645;   0.000;  -0.030;   0.654;   0.000;       0
  1598201287;   759903192;   0.659;  92.978;   0.000;  -0.034;   0.658;   0.000;       0
  1598201287;   759903192;   0.658;  93.312;   0.000;  -0.038;   0.657;   0.000;       0
  1598201287;   759903192;   0.658;  93.645;   0.000;  -0.042;   0.657;   0.000;       0
  1598201287;   759903192;   0.655;  93.978;   0.000;  -0.045;   0.653;   0.000;       0
  1598201287;   759903192;   0.656;  94.312;   0.000;  -0.049;   0.654;   0.000;       0
  1598201287;   759903192;   0.663;  94.645;   0.000;  -0.054;   0.661;   0.000;       0
  1598201287;   759903192;   0.661;  94.978;   0.000;  -0.057;   0.659;   0.000;       0
  1598201287;   759903192;   0.657;  95.312;   0.000;  -0.061;   0.654;   0.000;       0
  1598201287;   759903192;   0.659;  95.645;   0.000;  -0.065;   0.656;   0.000;       0
  1598201287;   759903192;   0.657;  95.978;   0.000;  -0.068;   0.653;   0.000;       0
  1598201287;   759903192;   0.659;  96.311;   0.000;  -0.072;   0.655;   0.000;       0
  1598201287;   759903192;   0.653;  96.645;   0.000;  -0.076;   0.649;   0.000;       0
  1598201287;   759903192;   0.655;  96.978;   0.000;  -0.080;   0.650;   0.000;       0
  1598201287;   759903192;   0.659;  97.311;   0.000;  -0.084;   0.654;   0.000;       0
  1598201287;   759903192;   0.658;  97.645;   0.000;  -0.088;   0.652;   0.000;       0
  1598201287;   759903192;   0.661;  97.978;   0.000;  -0.092;   0.655;   0.000;       0
  1598201287;   759903192;   0.663;  98.311;   0.000;  -0.096;   0.656;   0.000;       0
  1598201287;   759903192;   0.662;  98.645;   0.000;  -0.100;   0.654;   0.000;       0
  1598201287;   759903192;   0.668;  98.978;   0.000;  -0.104;   0.660;   0.000;       0
  1598201287;   759903192;   0.671;  99.311;   0.000;  -0.109;   0.662;   0.000;       0
  1598201287;   759903192;   0.672;  99.644;   0.000;  -0.113;   0.663;   0.000;       0
  1598201287;   759903192;   0.669;  99.978;   0.000;  -0.116;   0.659;   0.000;       0
  1598201287;   759903192;   0.670; 100.311;   0.000;  -0.120;   0.659;   0.000;       0
  1598201287;   759903192;   0.672; 100.644;   0.000;  -0.124;   0.660;   0.000;       0
  1598201287;   759903192;   0.669; 100.978;   0.000;  -0.127;   0.657;   0.000;       0
  1598201287;   759903192;   0.674; 101.311;   0.000;  -0.132;   0.661;   0.000;       0
  1598201287;   759903192;   0.671; 101.644;   0.000;  -0.135;   0.657;   0.000;       0
  1598201287;   759903192;   0.673; 101.978;   0.000;  -0.140;   0.658;   0.000;       0
  1598201287;   759903192;   0.678; 102.311;   0.000;  -0.145;   0.662;   0.000;       0
  1598201287;   759903192;   0.680; 102.644;   0.000;  -0.149;   0.664;   0.000;       0
  1598201287;   759903192;   0.675; 102.977;   0.000;  -0.152;   0.658;   0.000;       0
  1598201287;   759903192;   0.683; 103.311;   0.000;  -0.157;   0.665;   0.000;       0
  1598201287;   759903192;   0.673; 103.644;   0.000;  -0.159;   0.654;   0.000;       0
  1598201287;   759903192;   0.681; 103.977;   0.000;  -0.164;   0.661;   0.000;       0
  1598201287;   759903192;   0.685; 104.311;   0.000;  -0.169;   0.664;   0.000;       0
  1598201287;   759903192;   0.680; 104.644;   0.000;  -0.172;   0.658;   0.000;       0
  1598201287;   759903192;   0.685; 104.977;   0.000;  -0.177;   0.662;   0.000;       0
  1598201287;   759903192;   0.687; 105.311;   0.000;  -0.181;   0.663;   0.000;       0
  1598201287;   759903192;   0.686; 105.644;   0.000;  -0.185;   0.661;   0.000;       0
  1598201287;   759903192;   0.695; 105.977;   0.000;  -0.191;   0.668;   0.000;       0
  1598201287;   759903192;   0.686; 106.310;   0.000;  -0.193;   0.658;   0.000;       0
  1598201287;   759903192;   0.696; 106.644;   0.000;  -0.199;   0.667;   0.000;       0
  1598201287;   759903192;   0.692; 106.977;   0.000;  -0.202;   0.662;   0.000;       0
  1598201287;   759903192;   0.697; 107.310;   0.000;  -0.207;   0.665;   0.000;       0
  1598201287;   759903192;   0.697; 107.644;   0.000;  -0.211;   0.664;   0.000;       0
  1598201287;   759903192;   0.698; 107.977;   0.000;  -0.215;   0.664;   0.000;       0
  1598201287;   759903192;   0.706; 108.310;   0.000;  -0.222;   0.670;   0.000;       0
  1598201287;   759903192;   0.693; 108.644;   0.000;  -0.222;   0.657;   0.000;       0
  1598201287;   759903192;   0.700; 108.977;   0.000;  -0.228;   0.662;   0.000;       0
  1598201287;   759903192;   0.706; 109.310;   0.000;  -0.233;   0.666;   0.000;       0
  1598201287;   759903192;   0.707; 109.643;   0.000;  -0.238;   0.666;   0.000;       0
  1598201287;   759903192;   0.713; 109.977;   0.000;  -0.244;   0.670;   0.000;       0
  1598201287;   759903192;   0.705; 110.310;   0.000;  -0.245;   0.661;   0.000;       0
  1598201287;   759903192;   0.706; 110.643;   0.000;  -0.249;   0.661;   0.000;       0
  1598201287;   759903192;   0.710; 110.977;   0.000;  -0.254;   0.663;   0.000;       0
  1598201287;   759903192;   0.713; 111.310;   0.000;  -0.259;   0.664;   0.000;       0
  1598201287;   759903192;   0.717; 111.643;   0.000;  -0.264;   0.666;   0.000;       0
  1598201287;   759903192;   0.715; 111.977;   0.000;  -0.268;   0.663;   0.000;       0
  1598201287;   759903192;   0.713; 112.310;   0.000;  -0.271;   0.660;   0.000;       0
  1598201287;   759903192;   0.723; 112.643;   0.000;  -0.278;   0.667;   0.000;       0
  1598201287;   759903192;   0.720; 112.976;   0.000;  -0.281;   0.663;   0.000;       0
  1598201287;   759903192;   0.719; 113.310;   0.000;  -0.285;   0.660;   0.000;       0
  1598201287;   759903192;   0.730; 113.643;   0.000;  -0.293;   0.669;   0.000;       0
  1598201287;   759903192;   0.734; 113.976;   0.000;  -0.298;   0.671;   0.000;       0
  1598201287;   759903192;   0.731; 114.310;   0.000;  -0.301;   0.666;   0.000;       0
  1598201287;   759903192;   0.730; 114.643;   0.000;  -0.304;   0.664;   0.000;       0
  1598201287;   759903192;   0.739; 114.976;   0.000;  -0.312;   0.670;   0.000;       0
  1598201287;   759903192;   0.743; 115.310;   0.000;  -0.318;   0.672;   0.000;       0
  1598201287;   759903192;   0.740; 115.643;   0.000;  -0.320;   0.667;   0.000;       0
  1598201287;   759903192;   0.746; 115.976;   0.000;  -0.327;   0.671;   0.000;       0
  1598201287;   759903192;   0.749; 116.309;   0.000;  -0.332;   0.671;   0.000;       0
  1598201287;   759903192;   0.748; 116.643;   0.000;  -0.335;   0.669;   0.000;       0
  1598201287;   759903192;   0.753; 116.976;   0.000;  -0.342;   0.671;   0.000;       0
  1598201287;   759903192;   0.754; 117.309;   0.000;  -0.346;   0.670;   0.000;       0
  1598201287;   759903192;   0.756; 117.643;   0.000;  -0.351;   0.670;   0.000;       0
  1598201287;   759903192;   0.757; 117.976;   0.000;  -0.355;   0.669;   0.000;       0
  1598201287;   759903192;   0.757; 118.309;   0.000;  -0.359;   0.666;   0.000;       0
  1598201287;   759903192;   0.762; 118.643;   0.000;  -0.365;   0.669;   0.000;       0
  1598201287;   759903192;   0.762; 118.976;   0.000;  -0.369;   0.667;   0.000;       0
  1598201287;   759903192;   0.773; 119.309;   0.000;  -0.378;   0.674;   0.000;       0
  1598201287;   759903192;   0.775; 119.642;   0.000;  -0.383;   0.674;   0.000;       0
  1598201287;   759903192;   0.777; 119.976;   0.000;  -0.388;   0.673;   0.000;       0
